<?xml version="1.0" encoding="UTF-8"?>
<beans xmlns="http://www.springframework.org/schema/beans" 
    xmlns:xsi="http://www.w3.org/2001/XMLSchema-instance" 
    xmlns:p="http://www.springframework.org/schema/p" 
    xmlns:context="http://www.springframework.org/schema/context" 
    xmlns:tx="http://www.springframework.org/schema/tx" 
    xsi:schemaLocation="
    http://www.springframework.org/schema/beans               
    http://www.springframework.org/schema/beans/spring-beans-3.0.xsd               
    http://www.springframework.org/schema/context               
    http://www.springframework.org/schema/context/spring-context-3.0.xsd
    http://www.springframework.org/schema/tx
	http://www.springframework.org/schema/tx/spring-tx.xsd">
        
    <context:component-scan base-package="com.cognizant.genc.sampleapp" />
    <context:annotation-config />

    <!-- Resolves Views Selected For Rendering by @Controllers to *.jsp Resources in the /WEB-INF/ Folder -->
    <bean class="org.springframework.web.servlet.view.InternalResourceViewResolver">
        <property name="prefix" value="/WEB-INF/views/" />
        <property name="suffix" value=".jsp" />
    </bean>

    <bean id="dataSource" class="org.springframework.jdbc.datasource.DriverManagerDataSource">
		<property name="driverClassName" value="org.hsqldb.jdbcDriver" />
		<property name="url" value="jdbc:hsqldb:mem://sampleDb" />
		<property name="username" value="sa" />
		<property name="password" value="" />
	</bean>  

    <bean id="entityManagerFactory" 
			class="org.springframework.orm.jpa.LocalContainerEntityManagerFactoryBean"
			p:packagesToScan="com.cognizant.genc.sampleapp.model"
            p:dataSource-ref="dataSource"
			>
		<property name="jpaVendorAdapter">
			<bean class="org.springframework.orm.jpa.vendor.HibernateJpaVendorAdapter">
				<property name="generateDdl" value="true" />
				<property name="showSql" value="true" />
			</bean>
		</property>
	</bean>

    <!-- Transactions -->
	<bean id="transactionManager" class="org.springframework.orm.jpa.JpaTransactionManager">
		<property name="entityManagerFactory" ref="entityManagerFactory" />
	</bean>

    <!-- enable the configuration of transactional behavior based on annotations -->
	<tx:annotation-driven transaction-manager="transactionManager" />

</beans>